"","total","crisis","normal"
"ar",0.383046388955848,NA,0.383046388955848
"pred_rf",0.538532656142506,NA,0.538532656142506
"pred_mean",0.538532656142506,NA,0.538532656142506
