"NA.","V2"
"pre-selection",1
"nb variables",60
"ar",0.383046388955848
"pred_rf",0.538532656142506
"pred_mean",0.538532656142506
